#, raw,    I
1,7208,0.90112
2,7208,0.90112
3,7208,0.90112
4,7208,0.90112
5,7208,0.90112
6,7208,0.90112
7,7208,0.90112
8,7208,0.90112
9,7208,0.90112
10,7208,0.90112
11,7208,0.90112
12,7208,0.90112
13,7208,0.90112
14,7208,0.90112
15,7208,0.90112
16,7208,0.90112
17,7208,0.90112
18,7208,0.90112
19,7208,0.90112
20,7208,0.90112
