#, raw,    V
1,24602,3.07534
2,24602,3.07534
3,24601,3.07547
4,24601,3.07534
5,24603,3.07522
6,24602,3.07534
7,24601,3.07534
8,24602,3.07522
9,24602,3.07547
10,24601,3.07534
11,24601,3.07534
12,24602,3.07534
13,24602,3.07534
14,24602,3.07547
15,24601,3.07534
16,24602,3.07534
17,24601,3.07522
18,24602,3.07534
19,24602,3.07534
20,24602,3.07547
